{
	"format_version": "1.12.0",
	"minecraft:geometry": [
		{
			"description": {
				"identifier": "geometry.happy_ghast_hat - Converted",
				"texture_width": 128,
				"texture_height": 128,
				"visible_bounds_width": 3,
				"visible_bounds_height": 3.5,
				"visible_bounds_offset": [0, 1.25, 0]
			},
			"bones": [
				{
					"name": "happy_ghast_hat",
					"pivot": [-3.5, 25, -4]
				},
				{
					"name": "harness_outer",
					"parent": "happy_ghast_hat",
					"pivot": [-4.67266, 27.93164, -0.28659],
					"cubes": [
						{
							"origin": [-4.67266, 30.27695, -4.78177],
							"size": [9.38124, 2.34531, 0],
							"uv": {
								"north": {"uv": [49, 0], "uv_size": [12, 3]},
								"east": {"uv": [34, 36], "uv_size": [0, 3]},
								"south": {"uv": [49, 0], "uv_size": [12, 3]},
								"west": {"uv": [10, 37], "uv_size": [0, 3]},
								"up": {"uv": [49, 20], "uv_size": [12, 0]},
								"down": {"uv": [33, 53], "uv_size": [12, 0]}
							}
						},
						{
							"origin": [-4.67266, 27.93164, 4.59947],
							"size": [9.38124, 4.69062, 0],
							"uv": {
								"north": {"uv": [36, 0], "uv_size": [12, 6]},
								"east": {"uv": [46, 53], "uv_size": [0, 6]},
								"south": {"uv": [36, 0], "uv_size": [12, 6]},
								"west": {"uv": [47, 53], "uv_size": [0, 6]},
								"up": {"uv": [53, 50], "uv_size": [12, 0]},
								"down": {"uv": [53, 51], "uv_size": [12, 0]}
							}
						},
						{
							"origin": [0.79974, 27.54075, 4.67765],
							"size": [0.78177, 3.12708, 0],
							"pivot": [1.19062, 30.27695, 4.67765],
							"rotation": [0, 0, -22.5],
							"uv": {
								"north": {"uv": [11, 31], "uv_size": [1, 4]},
								"east": {"uv": [53, 52], "uv_size": [0, 4]},
								"south": {"uv": [11, 31], "uv_size": [1, 4]},
								"west": {"uv": [0, 54], "uv_size": [0, 4]},
								"up": {"uv": [24, 41], "uv_size": [1, 0]},
								"down": {"uv": [26, 41], "uv_size": [1, 0]}
							}
						},
						{
							"origin": [-1.54557, 27.54075, 4.67765],
							"size": [0.78177, 3.12708, 0],
							"pivot": [-1.15469, 30.27695, 4.67765],
							"rotation": [0, 0, 22.5],
							"uv": {
								"north": {"uv": [11, 31], "uv_size": [1, 4]},
								"east": {"uv": [1, 54], "uv_size": [0, 4]},
								"south": {"uv": [29, 53], "uv_size": [1, 4]},
								"west": {"uv": [2, 54], "uv_size": [0, 4]},
								"up": {"uv": [28, 41], "uv_size": [1, 0]},
								"down": {"uv": [30, 41], "uv_size": [1, 0]}
							}
						},
						{
							"origin": [-4.67266, 32.62226, -4.78177],
							"size": [9.38124, 0, 9.38124],
							"uv": {
								"north": {"uv": [33, 54], "uv_size": [12, 0]},
								"east": {"uv": [54, 52], "uv_size": [12, 0]},
								"south": {"uv": [54, 53], "uv_size": [12, 0]},
								"west": {"uv": [54, 54], "uv_size": [12, 0]},
								"up": {"uv": [0, 0], "uv_size": [12, 12]},
								"down": {"uv": [0, 12], "uv_size": [12, -12]}
							}
						},
						{
							"origin": [4.70858, 27.93164, -4.78177],
							"size": [0, 4.69062, 9.38124],
							"uv": {
								"north": {"uv": [3, 54], "uv_size": [0, 6]},
								"east": {"uv": [36, 14], "uv_size": [12, 6]},
								"south": {"uv": [4, 54], "uv_size": [0, 6]},
								"west": {"uv": [11, 36], "uv_size": [12, 6]},
								"up": {"uv": [5, 54], "uv_size": [0, 12]},
								"down": {"uv": [6, 66], "uv_size": [0, -12]}
							}
						},
						{
							"origin": [-4.67266, 27.93164, -4.78177],
							"size": [0, 4.69062, 9.38124],
							"uv": {
								"north": {"uv": [7, 54], "uv_size": [0, 6]},
								"east": {"uv": [36, 14], "uv_size": [12, 6]},
								"south": {"uv": [8, 54], "uv_size": [0, 6]},
								"west": {"uv": [11, 36], "uv_size": [12, 6]},
								"up": {"uv": [9, 54], "uv_size": [0, 12]},
								"down": {"uv": [10, 66], "uv_size": [0, -12]}
							}
						},
						{
							"origin": [-4.67266, 27.93164, -4.78177],
							"size": [0.78177, 1.56354, 0],
							"uv": {
								"north": {"uv": [42, 21], "uv_size": [1, 2]},
								"east": {"uv": [11, 54], "uv_size": [0, 2]},
								"south": {"uv": [44, 21], "uv_size": [1, 2]},
								"west": {"uv": [33, 55], "uv_size": [0, 2]},
								"up": {"uv": [32, 41], "uv_size": [1, 0]},
								"down": {"uv": [0, 42], "uv_size": [1, 0]}
							}
						},
						{
							"origin": [-0.7638, 27.93164, -4.78177],
							"size": [1.56354, 1.56354, 0],
							"uv": {
								"north": {"uv": [36, 21], "uv_size": [2, 2]},
								"east": {"uv": [34, 55], "uv_size": [0, 2]},
								"south": {"uv": [39, 21], "uv_size": [2, 2]},
								"west": {"uv": [35, 55], "uv_size": [0, 2]},
								"up": {"uv": [2, 42], "uv_size": [2, 0]},
								"down": {"uv": [5, 42], "uv_size": [2, 0]}
							}
						},
						{
							"origin": [-3.89089, 26.95442, -4.78177],
							"size": [3.12708, 3.12708, 0],
							"uv": {
								"north": {"uv": [24, 36], "uv_size": [4, 4]},
								"east": {"uv": [36, 55], "uv_size": [0, 4]},
								"south": {"uv": [0, 37], "uv_size": [4, 4]},
								"west": {"uv": [37, 55], "uv_size": [0, 4]},
								"up": {"uv": [38, 55], "uv_size": [4, 0]},
								"down": {"uv": [54, 55], "uv_size": [4, 0]}
							}
						},
						{
							"origin": [0.79974, 26.95442, -4.78177],
							"size": [3.12708, 3.12708, 0],
							"uv": {
								"north": {"uv": [0, 37], "uv_size": [4, 4]},
								"east": {"uv": [43, 55], "uv_size": [0, 4]},
								"south": {"uv": [24, 36], "uv_size": [4, 4]},
								"west": {"uv": [44, 55], "uv_size": [0, 4]},
								"up": {"uv": [38, 56], "uv_size": [4, 0]},
								"down": {"uv": [54, 56], "uv_size": [4, 0]}
							}
						},
						{
							"origin": [3.92681, 27.93164, -4.78177],
							"size": [0.78177, 1.56354, 0],
							"uv": {
								"north": {"uv": [22, 50], "uv_size": [1, 2]},
								"east": {"uv": [45, 55], "uv_size": [0, 2]},
								"south": {"uv": [31, 53], "uv_size": [1, 2]},
								"west": {"uv": [31, 56], "uv_size": [0, 2]},
								"up": {"uv": [8, 42], "uv_size": [1, 0]},
								"down": {"uv": [11, 57], "uv_size": [1, 0]}
							}
						},
						{
							"origin": [4.70858, 24.02279, -1.65469],
							"size": [0, 4.69062, 3.12708],
							"pivot": [4.70858, 28.71341, -0.28659],
							"rotation": [0, 0, -22.5],
							"uv": {
								"north": {"uv": [32, 56], "uv_size": [0, 6]},
								"east": {"uv": [17, 50], "uv_size": [4, 6]},
								"south": {"uv": [13, 57], "uv_size": [0, 6]},
								"west": {"uv": [17, 50], "uv_size": [4, 6]},
								"up": {"uv": [14, 57], "uv_size": [0, 4]},
								"down": {"uv": [15, 61], "uv_size": [0, -4]}
							}
						},
						{
							"origin": [-4.67266, 24.02279, -1.65469],
							"size": [0, 4.69062, 3.12708],
							"pivot": [-4.67266, 28.71341, -0.28659],
							"rotation": [0, 0, 22.5],
							"uv": {
								"north": {"uv": [16, 57], "uv_size": [0, 6]},
								"east": {"uv": [48, 50], "uv_size": [4, 6]},
								"south": {"uv": [17, 57], "uv_size": [0, 6]},
								"west": {"uv": [48, 50], "uv_size": [4, 6]},
								"up": {"uv": [18, 57], "uv_size": [0, 4]},
								"down": {"uv": [19, 61], "uv_size": [0, -4]}
							}
						}
					]
				},
				{
					"name": "harness_inner",
					"parent": "happy_ghast_hat",
					"pivot": [0.01796, 27.7362, 4.20858],
					"cubes": [
						{
							"origin": [-4.28177, 27.7362, -4.39088],
							"size": [0, 4.69062, 8.59947],
							"uv": {
								"north": {"uv": [20, 57], "uv_size": [0, 6]},
								"east": {"uv": [37, 42], "uv_size": [11, 6]},
								"south": {"uv": [21, 57], "uv_size": [0, 6]},
								"west": {"uv": [48, 42], "uv_size": [-11, 6]},
								"up": {"uv": [38, 57], "uv_size": [0, 11]},
								"down": {"uv": [39, 68], "uv_size": [0, -11]}
							}
						},
						{
							"origin": [-4.28177, 25.39088, -4.39088],
							"size": [0, 2.34531, 8.59947],
							"pivot": [-4.28177, 27.7362, -0.09115],
							"rotation": [0, 0, 22.5],
							"uv": {
								"north": {"uv": [40, 57], "uv_size": [0, 3]},
								"east": {"uv": [49, 8], "uv_size": [11, 3]},
								"south": {"uv": [41, 57], "uv_size": [0, 3]},
								"west": {"uv": [49, 12], "uv_size": [11, 3]},
								"up": {"uv": [42, 57], "uv_size": [0, 11]},
								"down": {"uv": [48, 68], "uv_size": [0, -11]}
							}
						},
						{
							"origin": [4.3177, 27.7362, -4.39088],
							"size": [0, 4.69062, 8.59947],
							"uv": {
								"north": {"uv": [49, 57], "uv_size": [0, 6]},
								"east": {"uv": [57, 21], "uv_size": [-11, 6]},
								"south": {"uv": [50, 57], "uv_size": [0, 6]},
								"west": {"uv": [46, 21], "uv_size": [11, 6]},
								"up": {"uv": [51, 57], "uv_size": [0, 11]},
								"down": {"uv": [52, 68], "uv_size": [0, -11]}
							}
						},
						{
							"origin": [4.3177, 25.39088, -4.39088],
							"size": [0, 2.34531, 8.59947],
							"pivot": [4.3177, 27.7362, -0.09115],
							"rotation": [0, 0, -22.5],
							"uv": {
								"north": {"uv": [53, 57], "uv_size": [0, 3]},
								"east": {"uv": [49, 16], "uv_size": [11, 3]},
								"south": {"uv": [54, 57], "uv_size": [0, 3]},
								"west": {"uv": [24, 49], "uv_size": [11, 3]},
								"up": {"uv": [55, 57], "uv_size": [0, 11]},
								"down": {"uv": [56, 68], "uv_size": [0, -11]}
							}
						},
						{
							"origin": [-4.28177, 30.0815, -4.39088],
							"size": [8.59947, 2.34531, 0],
							"uv": {
								"north": {"uv": [36, 49], "uv_size": [11, 3]},
								"east": {"uv": [57, 57], "uv_size": [0, 3]},
								"south": {"uv": [36, 49], "uv_size": [11, 3]},
								"west": {"uv": [11, 58], "uv_size": [0, 3]},
								"up": {"uv": [58, 21], "uv_size": [11, 0]},
								"down": {"uv": [58, 22], "uv_size": [11, 0]}
							}
						},
						{
							"origin": [-4.28177, 27.7362, 4.20858],
							"size": [8.59947, 4.69062, 0],
							"uv": {
								"north": {"uv": [48, 35], "uv_size": [11, 6]},
								"east": {"uv": [12, 58], "uv_size": [0, 6]},
								"south": {"uv": [48, 35], "uv_size": [11, 6]},
								"west": {"uv": [58, 23], "uv_size": [0, 6]},
								"up": {"uv": [58, 30], "uv_size": [11, 0]},
								"down": {"uv": [58, 31], "uv_size": [11, 0]}
							}
						},
						{
							"origin": [-4.28177, 32.42682, -4.39088],
							"size": [8.59947, 0, 8.59947],
							"uv": {
								"north": {"uv": [58, 32], "uv_size": [11, 0]},
								"east": {"uv": [58, 33], "uv_size": [11, 0]},
								"south": {"uv": [58, 34], "uv_size": [11, 0]},
								"west": {"uv": [58, 57], "uv_size": [11, 0]},
								"up": {"uv": [13, 0], "uv_size": [11, 11]},
								"down": {"uv": [13, 11], "uv_size": [11, -11]}
							}
						},
						{
							"origin": [-4.28177, 25.39088, 4.20858],
							"size": [8.59947, 2.34531, 0],
							"pivot": [0.01796, 27.7362, 4.20858],
							"rotation": [22.5, 0, 0],
							"uv": {
								"north": {"uv": [0, 50], "uv_size": [11, 3]},
								"east": {"uv": [27, 58], "uv_size": [0, 3]},
								"south": {"uv": [0, 50], "uv_size": [11, 3]},
								"west": {"uv": [28, 58], "uv_size": [0, 3]},
								"up": {"uv": [58, 58], "uv_size": [11, 0]},
								"down": {"uv": [59, 23], "uv_size": [11, 0]}
							}
						}
					]
				},
				{
					"name": "root",
					"pivot": [0, 0, 2]
				},
				{
					"name": "waist",
					"parent": "root",
					"pivot": [0, 12, 2]
				},
				{
					"name": "body",
					"parent": "waist",
					"pivot": [0, 24, 2],
					"cubes": [
						{"origin": [-4, 12, -2], "size": [8, 12, 4], "uv": [78, 16]},
						{"origin": [-1, 12, 2], "size": [2, 2, 1], "uv": [93, 34]}
					]
				},
				{
					"name": "head",
					"parent": "body",
					"pivot": [0, 24, 2],
					"cubes": [
						{"origin": [-4, 24, -4], "size": [8, 8, 8], "uv": [62, 0]},
						{"origin": [-2, 24, -6], "size": [4, 3, 2], "uv": [62, 0]},
						{"origin": [2, 32, -2], "size": [1, 1, 1], "uv": [86, 38]},
						{"origin": [-3, 32, -2], "size": [1, 1, 1], "uv": [86, 38]}
					]
				},
				{
					"name": "hat",
					"parent": "head",
					"pivot": [0, 24, 2]
				},
				{
					"name": "cape",
					"parent": "body",
					"pivot": [0, 24, 5]
				},
				{
					"name": "leftArm",
					"parent": "body",
					"pivot": [5, 22, 2],
					"cubes": [
						{"origin": [4, 12, -2], "size": [4, 12, 4], "uv": [94, 48]}
					]
				},
				{
					"name": "leftSleeve",
					"parent": "leftArm",
					"pivot": [5, 22, 2],
					"cubes": [
						{"origin": [4, 12, -2], "size": [4, 12, 4], "inflate": 0.25, "uv": [110, 48]}
					]
				},
				{
					"name": "leftItem",
					"parent": "leftArm",
					"pivot": [6, 15, 3]
				},
				{
					"name": "rightArm",
					"parent": "body",
					"pivot": [-5, 22, 2],
					"cubes": [
						{"origin": [-8, 12, -2], "size": [4, 12, 4], "uv": [102, 16]}
					]
				},
				{
					"name": "rightSleeve",
					"parent": "rightArm",
					"pivot": [-5, 22, 2],
					"cubes": [
						{"origin": [-8, 12, -2], "size": [4, 12, 4], "inflate": 0.25, "uv": [102, 32]}
					]
				},
				{
					"name": "rightItem",
					"parent": "rightArm",
					"pivot": [-6, 15, 3],
					"locators": {
						"lead_hold": [-6, 15, 1]
					}
				},
				{
					"name": "jacket",
					"parent": "body",
					"pivot": [0, 24, 2]
				},
				{
					"name": "leftLeg",
					"parent": "root",
					"pivot": [1.9, 12, 2],
					"cubes": [
						{"origin": [-0.1, 0, -2], "size": [4, 12, 4], "uv": [78, 48]}
					]
				},
				{
					"name": "leftPants",
					"parent": "leftLeg",
					"pivot": [1.9, 12, 2],
					"cubes": [
						{"origin": [-0.1, 0, -2], "size": [4, 12, 4], "inflate": 0.25, "uv": [62, 48]}
					]
				},
				{
					"name": "rightLeg",
					"parent": "root",
					"pivot": [-1.9, 12, 2],
					"cubes": [
						{"origin": [-3.9, 0, -2], "size": [4, 12, 4], "uv": [62, 16]}
					]
				},
				{
					"name": "rightPants",
					"parent": "rightLeg",
					"pivot": [-1.9, 12, 2],
					"cubes": [
						{"origin": [-3.9, 0, -2], "size": [4, 12, 4], "inflate": 0.25, "uv": [62, 32]}
					]
				}
			],
			"item_display_transforms": {
				"thirdperson_righthand": {
					"rotation": [11.75, 0, 0],
					"translation": [0, 6.75, -1.25],
					"scale": [0.9, 0.9, 0.9],
					"rotation_pivot": [0, 0, 0],
					"scale_pivot": [0, 0, 0]
				},
				"thirdperson_lefthand": {
					"rotation": [11.75, 0, 0],
					"translation": [0, 6.75, -1.25],
					"scale": [0.9, 0.9, 0.9],
					"rotation_pivot": [0, 0, 0],
					"scale_pivot": [0, 0, 0]
				},
				"firstperson_righthand": {
					"rotation": [0, 120, 0],
					"translation": [9.5, 1.75, -11.25],
					"scale": [0.9, 0.9, 0.9],
					"rotation_pivot": [0, 0, 0],
					"scale_pivot": [0, 0, 0]
				},
				"firstperson_lefthand": {
					"rotation": [0, 120, 0],
					"translation": [9.5, 1.75, -11.25],
					"scale": [0.9, 0.9, 0.9],
					"rotation_pivot": [0, 0, 0],
					"scale_pivot": [0, 0, 0]
				},
				"ground": {
					"rotation": [0, 0, 0],
					"translation": [0, 6, 0],
					"scale": [0.8, 0.8, 0.8],
					"rotation_pivot": [0, 0, 0],
					"scale_pivot": [0, 0, 0]
				},
				"gui": {
					"rotation": [22.5, 150, 0],
					"translation": [0, 2.75, 0],
					"scale": [0.9, 0.9, 0.9],
					"rotation_pivot": [0, 0, 0],
					"scale_pivot": [0, 0, 0],
					"fit_to_frame": false
				},
				"head": {
					"rotation": [0, 0, 0],
					"translation": [0, 6.5, 0],
					"scale": [1.6, 1.6, 1.6],
					"rotation_pivot": [0, 0, 0],
					"scale_pivot": [0, 0, 0]
				},
				"fixed": {
					"rotation": [-90, 0, 0],
					"translation": [0, 0, -18],
					"scale": [2, 2, 2],
					"rotation_pivot": [0, 0, 0],
					"scale_pivot": [0, 0, 0]
				}
			}
		}
	]
}